{
    "0": -0.19306111335754395,
    "1": 0.9809527397155762,
    "2": 0.021428335458040237,
    "3": -0.20146869122982025,
    "4": 0.9792030453681946,
    "5": 0.023910513147711754,
    "6": -0.18591612577438354,
    "7": 0.9823969006538391,
    "8": 0.018209129571914673,
    "9": -0.19899028539657593,
    "10": 0.979723334312439,
    "11": 0.0233455803245306,
    "12": -0.05146557092666626,
    "13": 0.9945247769355774,
    "14": -0.09094954282045364,
    "15": -0.12035990506410599,
    "16": 0.9921590685844421,
    "17": -0.0336732342839241,
    "18": -0.14176854491233826,
    "19": 0.9897826910018921,
    "20": -0.015228099189698696,
    "21": -0.1896355301141739,
    "22": 0.9816508293151855,
    "23": 0.02000042051076889,
    "24": 0.12208070605993271,
    "25": 0.9666298627853394,
    "26": -0.22521772980690002,
    "27": 0.008531837724149227,
    "28": 0.9904278516769409,
    "29": -0.13776752352714539,
    "30": 0.3471248745918274,
    "31": 0.8510755896568298,
    "32": -0.3939220905303955,
    "33": -0.08266685903072357,
    "34": 0.9944461584091187,
    "35": -0.0651383176445961,
    "36": -0.1961834877729416,
    "37": 0.9803082942962646,
    "38": 0.022530730813741684,
    "39": -0.13226178288459778,
    "40": 0.9909372925758362,
    "41": -0.02345360815525055,
    "42": -0.2053929567337036,
    "43": 0.9783744812011719,
    "44": 0.024435173720121384,
    "45": -0.1564965695142746,
    "46": 0.9876750111579895,
    "47": -0.002629899652674794,
    "48": -0.20360645651817322,
    "49": 0.9787521362304688,
    "50": 0.024262139573693275,
    "51": -0.16327489912509918,
    "52": 0.9865774512290955,
    "53": 0.0024978332221508026,
    "54": -0.1729673594236374,
    "55": 0.9848740100860596,
    "56": 0.010271010920405388,
    "57": -0.14968276023864746,
    "58": 0.9886983633041382,
    "59": -0.00840526819229126,
    "60": -0.18190596997737885,
    "61": 0.9831854701042175,
    "62": 0.016016852110624313,
    "63": -0.16814355552196503,
    "64": 0.9857401251792908,
    "65": 0.006643553730100393,
    "66": -0.10468325763940811,
    "67": 0.993398129940033,
    "68": -0.04692120850086212,
    "69": -0.17759746313095093,
    "70": 0.9840121269226074,
    "71": 0.013387434184551239,
    "72": -0.20681822299957275,
    "73": 0.9780735373497009,
    "74": 0.024462174624204636,
    "75": 0.07144638895988464,
    "76": 0.979071319103241,
    "77": 0.19056424498558044,
    "78": -0.06571494787931442,
    "79": 0.9933578372001648,
    "80": 0.09445522725582123,
    "81": 0.1632309854030609,
    "82": 0.9529706239700317,
    "83": 0.2553480863571167,
    "84": 0.0092252092435956,
    "85": 0.9891328811645508,
    "86": 0.14673446118831635,
    "87": -0.046136315912008286,
    "88": 0.992705225944519,
    "89": 0.11138992756605148,
    "90": 0.6000365614891052,
    "91": 0.5297111868858337,
    "92": 0.5994682312011719,
    "93": -0.12455721199512482,
    "94": 0.9906531572341919,
    "95": 0.055604416877031326,
    "96": -0.14885249733924866,
    "97": 0.9879864454269409,
    "98": 0.04154141992330551,
    "99": -0.13766519725322723,
    "100": 0.989326000213623,
    "101": 0.04777400940656662,
    "102": -0.10892332345247269,
    "103": 0.991891086101532,
    "104": 0.06548076868057251,
    "105": -0.1585155576467514,
    "106": 0.9866781830787659,
    "107": 0.036592382937669754,
    "108": -0.08981609344482422,
    "109": 0.9928932785987854,
    "110": 0.07807693630456924,
    "111": 0.17352169752120972,
    "112": 0.05086750164628029,
    "113": 0.9835155010223389,
    "114": 0.31242144107818604,
    "115": 0.09390295296907425,
    "116": 0.9452909827232361,
    "117": 0.21076266467571259,
    "118": 0.06314320117235184,
    "119": 0.9754958152770996,
    "120": 0.25799494981765747,
    "121": 0.07448209822177887,
    "122": 0.9632710218429565,
    "123": 0.27582672238349915,
    "124": 0.07521459460258484,
    "125": 0.9582600593566895,
    "126": 0.23246876895427704,
    "127": 0.08247058093547821,
    "128": 0.969101071357727,
    "129": 0.8387389183044434,
    "130": 0.3202231228351593,
    "131": -0.44042497873306274,
    "132": 0.7796209454536438,
    "133": 0.2871754467487335,
    "134": 0.556526243686676,
    "135": 0.040881700813770294,
    "136": 0.010885331779718399,
    "137": 0.9991046786308289,
    "138": 0.18946881592273712,
    "139": 0.06743544340133667,
    "140": 0.9795683026313782,
    "141": 0.2719593048095703,
    "142": 0.0978720411658287,
    "143": 0.9573187828063965,
    "144": 0.8062809109687805,
    "145": 0.3120957911014557,
    "146": -0.5025010108947754,
    "147": 0.8278992772102356,
    "148": 0.32041892409324646,
    "149": -0.46034175157546997,
    "150": 0.6907073855400085,
    "151": 0.27390116453170776,
    "152": -0.6692543625831604,
    "153": 0.891030490398407,
    "154": 0.34066101908683777,
    "155": -0.3000245988368988,
    "156": 0.8455473780632019,
    "157": -0.039783451706171036,
    "158": -0.5324161052703857,
    "159": 0.8020836710929871,
    "160": 0.09722239524126053,
    "161": -0.5892449617385864,
    "162": -0.3683292865753174,
    "163": -0.061365410685539246,
    "164": 0.9276679754257202,
    "165": -0.29084646701812744,
    "166": -0.04897993430495262,
    "167": 0.9555152058601379,
    "168": -0.05083402618765831,
    "169": 0.9946141242980957,
    "170": -0.09032537788152695,
    "171": -0.23516882956027985,
    "172": -0.04342881590127945,
    "173": 0.9709838032722473,
    "174": 0.029876265674829483,
    "175": 0.014180176891386509,
    "176": 0.9994530081748962,
    "177": 0.11367864906787872,
    "178": 0.03292514756321907,
    "179": 0.9929718375205994,
    "180": -0.5441391468048096,
    "181": -0.0934331938624382,
    "182": 0.8337762355804443,
    "183": 0.021655339747667313,
    "184": 0.042922575026750565,
    "185": 0.9988436698913574,
    "186": -0.014707047492265701,
    "187": 0.012545264326035976,
    "188": 0.9998131394386292,
    "189": 0.7359204888343811,
    "190": 0.2668774425983429,
    "191": 0.6222519278526306,
    "192": -0.4543786644935608,
    "193": -0.12592676281929016,
    "194": 0.8818630576133728,
    "195": -0.5243394374847412,
    "196": -0.1553352028131485,
    "197": 0.837221086025238,
    "198": -0.4910338222980499,
    "199": -0.13734610378742218,
    "200": 0.8602452278137207,
    "201": -0.46780645847320557,
    "202": -0.12605983018875122,
    "203": 0.8747948408126831,
    "204": -0.521274983882904,
    "205": -0.15326201915740967,
    "206": 0.8395135998725891,
    "207": -0.5417466759681702,
    "208": -0.16533493995666504,
    "209": 0.8241206407546997,
    "210": -0.19953703880310059,
    "211": 0.9794973134994507,
    "212": 0.02774939499795437,
    "213": -0.2361270785331726,
    "214": -0.03538387268781662,
    "215": 0.9710777401924133,
    "216": -0.3402840197086334,
    "217": -0.07314952462911606,
    "218": 0.9374731779098511,
    "219": -0.4608762264251709,
    "220": -0.12280406057834625,
    "221": 0.8789267539978027,
    "222": -0.3855098485946655,
    "223": -0.09071202576160431,
    "224": 0.9182338714599609,
    "225": -0.3549787402153015,
    "226": -0.07875442504882812,
    "227": 0.9315513372421265,
    "228": -0.4384070336818695,
    "229": -0.11285662651062012,
    "230": 0.8916628360748291
}