{
    "0": 0.9729361534118652,
    "1": 0.18856583535671234,
    "2": 0.13355977833271027,
    "3": 0.9656050801277161,
    "4": 0.19445611536502838,
    "5": 0.17260852456092834,
    "6": 0.9805474281311035,
    "7": 0.18431521952152252,
    "8": 0.0674876719713211,
    "9": 0.9663131833076477,
    "10": 0.19218754768371582,
    "11": 0.17118053138256073,
    "12": 0.8703196048736572,
    "13": 0,
    "14": -0.4924873113632202,
    "15": 0.9200922250747681,
    "16": 0.0987527146935463,
    "17": -0.3790490925312042,
    "18": 0.9474443197250366,
    "19": 0.13121531903743744,
    "20": -0.2917735278606415,
    "21": 0.9769982099533081,
    "22": 0.18663492798805237,
    "23": 0.10315985232591629,
    "24": 0.8202319741249084,
    "25": -0.2260250300168991,
    "26": -0.5254828333854675,
    "27": 0.8509162068367004,
    "28": -0.07955610752105713,
    "29": -0.5192421674728394,
    "30": 0.7284281849861145,
    "31": -0.5092402696609497,
    "32": -0.45833033323287964,
    "33": 0.8879085779190063,
    "34": 0.043815262615680695,
    "35": -0.4579285681247711,
    "36": 0.9690823554992676,
    "37": 0.19032812118530273,
    "38": 0.15701767802238464,
    "39": 0.9345096945762634,
    "40": 0.11677219718694687,
    "41": -0.3362377882003784,
    "42": 0.9726437330245972,
    "43": 0.2012939453125,
    "44": 0.11595221608877182,
    "45": 0.9679157137870789,
    "46": 0.15283463895320892,
    "47": -0.1994510442018509,
    "48": 0.9677689075469971,
    "49": 0.19744648039340973,
    "50": 0.1563272923231125,
    "51": 0.9749189019203186,
    "52": 0.1617325395345688,
    "53": -0.1528913527727127,
    "54": 0.9830646514892578,
    "55": 0.17327189445495605,
    "56": -0.059671830385923386,
    "57": 0.9586470723152161,
    "58": 0.14304152131080627,
    "59": -0.2460385113954544,
    "60": 0.9830124378204346,
    "61": 0.18142105638980865,
    "62": 0.0278009120374918,
    "63": 0.980095386505127,
    "64": 0.16789473593235016,
    "65": -0.1059451699256897,
    "66": 0.9044704437255859,
    "67": 0.075483538210392,
    "68": -0.41980403661727905,
    "69": 0.9839558601379395,
    "70": 0.1777898222208023,
    "71": -0.014886248856782913,
    "72": 0.9775438904762268,
    "73": 0.20554395020008087,
    "74": 0.04647187888622284,
    "75": 0.886634111404419,
    "76": -0.1498585194349289,
    "77": 0.437518447637558,
    "78": 0.9385961890220642,
    "79": 0.029404964298009872,
    "80": 0.3437623381614685,
    "81": 0.8547518253326416,
    "82": -0.2658542990684509,
    "83": 0.4457811117172241,
    "84": 0.9078007340431213,
    "85": -0.06981537491083145,
    "86": 0.4135500192642212,
    "87": 0.9238880276679993,
    "88": 0,
    "89": 0.38266289234161377,
    "90": -0.5100054740905762,
    "91": 0.8306313157081604,
    "92": -0.2234860211610794,
    "93": 0.970545768737793,
    "94": 0.10999841243028641,
    "95": 0.21433918178081512,
    "96": 0.9823129177093506,
    "97": 0.14291061460971832,
    "98": 0.12098710238933563,
    "99": 0.977393627166748,
    "100": 0.12787410616874695,
    "101": 0.16837425529956818,
    "102": 0.9616643190383911,
    "103": 0.08846841007471085,
    "104": 0.2595670521259308,
    "105": 0.9851109385490417,
    "106": 0.1555483043193817,
    "107": 0.07321982830762863,
    "108": 0.9509841799736023,
    "109": 0.06220480799674988,
    "110": 0.30291852355003357,
    "111": 0.6606243848800659,
    "112": 0.7346358895301819,
    "113": -0.15454941987991333,
    "114": 0.8535922169685364,
    "115": 0.40892720222473145,
    "116": -0.32273656129837036,
    "117": 0.9088765382766724,
    "118": 0.3547356128692627,
    "119": -0.21933092176914215,
    "120": 0.8271941542625427,
    "121": 0.4981127977371216,
    "122": -0.2600643038749695,
    "123": 0.8933272957801819,
    "124": 0.3479323089122772,
    "125": -0.2844458818435669,
    "126": 0.8278633952140808,
    "127": 0.5062010884284973,
    "128": -0.24166631698608398,
    "129": 0.40898531675338745,
    "130": 0.16353465616703033,
    "131": 0.8977680206298828,
    "132": -0.510871410369873,
    "133": -0.22235481441020966,
    "134": 0.8304027318954468,
    "135": 0.9261972904205322,
    "136": 0.37469473481178284,
    "137": -0.04198078438639641,
    "138": 0.9130669832229614,
    "139": 0.35481637716293335,
    "140": -0.201032355427742,
    "141": 0.8916471600532532,
    "142": 0.3485414981842041,
    "143": -0.2889363765716553,
    "144": 0.46701979637145996,
    "145": 0.18551112711429596,
    "146": 0.8645681738853455,
    "147": 0.4293102025985718,
    "148": 0.1661544144153595,
    "149": 0.8877418041229248,
    "150": 0.6184420585632324,
    "151": 0.2559003531932831,
    "152": 0.7429969310760498,
    "153": 0.2809532582759857,
    "154": 0.1052788719534874,
    "155": 0.9539295434951782,
    "156": 0.028131892904639244,
    "157": 0.9991544485092163,
    "158": -0.029982125386595726,
    "159": -0.08969368040561676,
    "160": 0.9950795769691467,
    "161": 0.042091477662324905,
    "162": -0.13999614119529724,
    "163": 0.9901024699211121,
    "164": 0.009910188615322113,
    "165": -0.11650586128234863,
    "166": 0.9930699467658997,
    "167": 0.01544212456792593,
    "168": 0.8714683055877686,
    "169": 0,
    "170": -0.49045178294181824,
    "171": -0.10244852304458618,
    "172": 0.9945437908172607,
    "173": 0.0196699071675539,
    "174": -0.016494086012244225,
    "175": 0.9997702240943909,
    "176": -0.013691626489162445,
    "177": 0.01718932017683983,
    "178": 0.9992359280586243,
    "179": -0.03510074317455292,
    "180": -0.14862285554409027,
    "181": 0.9887974858283997,
    "182": 0.013810655102133751,
    "183": -0.11301389336585999,
    "184": 0.9927793741226196,
    "185": -0.040211789309978485,
    "186": -0.080827496945858,
    "187": 0.9966340065002441,
    "188": -0.013694330118596554,
    "189": -0.5764244198799133,
    "190": -0.2351638525724411,
    "191": 0.7825809121131897,
    "192": -0.20068638026714325,
    "193": 0.9789794087409973,
    "194": 0.0363912433385849,
    "195": -0.23002706468105316,
    "196": 0.9725042581558228,
    "197": 0.03637257590889931,
    "198": -0.22047558426856995,
    "199": 0.9749369025230408,
    "200": 0.029808716848492622,
    "201": -0.2149638682603836,
    "202": 0.9762830138206482,
    "203": 0.025730129331350327,
    "204": -0.22627165913581848,
    "205": 0.9733536839485168,
    "206": 0.037198204547166824,
    "207": -0.2326030731201172,
    "208": 0.9716631770133972,
    "209": 0.042030155658721924,
    "210": 0.9416719079017639,
    "211": 0.18384584784507751,
    "212": 0.2818771004676819,
    "213": -0.17090049386024475,
    "214": 0.9852720499038696,
    "215": -0.005655050743371248,
    "216": -0.1917337030172348,
    "217": 0.9814221262931824,
    "218": 0.006983295548707247,
    "219": -0.21214990317821503,
    "220": 0.9769108295440674,
    "221": 0.025250986218452454,
    "222": -0.19867394864559174,
    "223": 0.9799740314483643,
    "224": 0.013400360010564327,
    "225": -0.1934584528207779,
    "226": 0.9810651540756226,
    "227": 0.009220730513334274,
    "228": -0.21026493608951569,
    "229": 0.9774330258369446,
    "230": 0.02033073827624321
}