{
    "0": -0.1269751787185669,
    "1": -0.04663360118865967,
    "2": 0.9908090829849243,
    "3": -0.16436925530433655,
    "4": -0.057863324880599976,
    "5": 0.9847002625465393,
    "6": -0.0629434585571289,
    "7": -0.030401961877942085,
    "8": 0.9975539445877075,
    "9": -0.16322283446788788,
    "10": -0.056622400879859924,
    "11": 0.984963059425354,
    "12": 0.48979082703590393,
    "13": 0.10450131446123123,
    "14": 0.8655543923377991,
    "15": 0.3727516531944275,
    "16": 0.07660479098558426,
    "17": 0.9247636795043945,
    "18": 0.2867942452430725,
    "19": 0.05579208582639694,
    "20": 0.9563661813735962,
    "21": -0.0975341722369194,
    "22": -0.03910314664244652,
    "23": 0.9944636821746826,
    "24": 0.5588521957397461,
    "25": 0.12057947367429733,
    "26": 0.8204540014266968,
    "27": 0.5252321362495422,
    "28": 0.1127985268831253,
    "29": 0.8434498906135559,
    "30": 0.5906747579574585,
    "31": 0.12784609198570251,
    "32": 0.7967174649238586,
    "33": 0.45253124833106995,
    "34": 0.09569238871335983,
    "35": 0.8865993618965149,
    "36": -0.14963750541210175,
    "37": -0.05263841152191162,
    "38": 0.9873387813568115,
    "39": 0.3304518163204193,
    "40": 0.06638903170824051,
    "41": 0.9414850473403931,
    "42": -0.10852603614330292,
    "43": -0.047582488507032394,
    "44": 0.9929541945457458,
    "45": 0.1965908706188202,
    "46": 0.033758923411369324,
    "47": 0.9799042344093323,
    "48": -0.148215189576149,
    "49": -0.055309392511844635,
    "50": 0.9874072670936584,
    "51": 0.1512431502342224,
    "52": 0.022528136149048805,
    "53": 0.9882398247718811,
    "54": 0.06054891273379326,
    "55": 0.00022421091853175312,
    "56": 0.9981651902198792,
    "57": 0.24205558001995087,
    "58": 0.044885411858558655,
    "59": 0.9692236185073853,
    "60": -0.024427659809589386,
    "61": -0.02080191858112812,
    "62": 0.9994851350784302,
    "63": 0.10554982721805573,
    "64": 0.011302681639790535,
    "65": 0.9943497776985168,
    "66": 0.41349077224731445,
    "67": 0.08638530224561691,
    "68": 0.9064010977745056,
    "69": 0.01702839881181717,
    "70": -0.010528884828090668,
    "71": 0.9997995495796204,
    "72": -0.04042486473917961,
    "73": -0.033524081110954285,
    "74": 0.9986200332641602,
    "75": -0.45691946148872375,
    "76": -0.13770164549350739,
    "77": 0.8787848949432373,
    "78": -0.3387015461921692,
    "79": -0.11124563962221146,
    "80": 0.9342942237854004,
    "81": -0.4927017092704773,
    "82": -0.14549393951892853,
    "83": 0.8579490184783936,
    "84": -0.41930022835731506,
    "85": -0.12939056754112244,
    "86": 0.8985796570777893,
    "87": -0.3798714578151703,
    "88": -0.1205664798617363,
    "89": 0.9171485304832458,
    "90": -0.6163201928138733,
    "91": -0.17163227498531342,
    "92": 0.768564760684967,
    "93": -0.2062193751335144,
    "94": -0.08066412061452866,
    "95": 0.9751753211021423,
    "96": -0.11359690874814987,
    "97": -0.058815907686948776,
    "98": 0.9917844533920288,
    "99": -0.1604679673910141,
    "100": -0.06987328827381134,
    "101": 0.9845647811889648,
    "102": -0.2516692578792572,
    "103": -0.09124342352151871,
    "104": 0.9635025858879089,
    "105": -0.06655251979827881,
    "106": -0.04765404015779495,
    "107": 0.9966443181037903,
    "108": -0.29590898752212524,
    "109": -0.1014568880200386,
    "110": 0.9498128294944763,
    "111": -0.7303873300552368,
    "112": 0.6765519976615906,
    "113": 0.09387096017599106,
    "114": -0.4168611168861389,
    "115": 0.9077228307723999,
    "116": 0.04760279506444931,
    "117": -0.359892338514328,
    "118": 0.9328320026397705,
    "119": 0.017375648021697998,
    "120": -0.49918776750564575,
    "121": 0.8639074563980103,
    "122": 0.06689942628145218,
    "123": -0.354804128408432,
    "124": 0.9344976544380188,
    "125": 0.028777776286005974,
    "126": -0.5104904174804688,
    "127": 0.8584631681442261,
    "128": 0.049401573836803436,
    "129": -0.3595108389854431,
    "130": 0.9331203103065491,
    "131": -0.006196330767124891,
    "132": -0.3622175455093384,
    "133": 0.9317127466201782,
    "134": 0.026642750948667526,
    "135": -0.37481623888015747,
    "136": 0.9270843267440796,
    "137": 0.00523619307205081,
    "138": -0.36112356185913086,
    "139": 0.9325008392333984,
    "140": 0.005653558764606714,
    "141": -0.3619441092014313,
    "142": 0.9321694374084473,
    "143": 0.007521780673414469,
    "144": -0.36304759979248047,
    "145": 0.9317627549171448,
    "146": -0.003819173900410533,
    "147": -0.36093708872795105,
    "148": 0.9325901865959167,
    "149": 0,
    "150": -0.3747701644897461,
    "151": 0.9270885586738586,
    "152": -0.007360279560089111,
    "153": -0.3565528690814972,
    "154": 0.9342732429504395,
    "155": 0.0019031332340091467,
    "156": 0.5331587195396423,
    "157": 0.010373434983193874,
    "158": 0.8459516167640686,
    "159": 0.5904378294944763,
    "160": 0.01909066177904606,
    "161": 0.8068572878837585,
    "162": 0.919094443321228,
    "163": 0.1262197196483612,
    "164": 0.37327465415000916,
    "165": 0.9496498107910156,
    "166": 0.10683183372020721,
    "167": 0.29453733563423157,
    "168": 0.48781028389930725,
    "169": 0.10364734381437302,
    "170": 0.8667746782302856,
    "171": 0.9665401577949524,
    "172": 0.09485010802745819,
    "173": 0.23833492398262024,
    "174": 0.9994174838066101,
    "175": 0.01607600972056389,
    "176": -0.0301032904535532,
    "177": 0.9933688640594482,
    "178": -0.021058715879917145,
    "179": -0.11302582919597626,
    "180": 0.8257262706756592,
    "181": 0.11640329658985138,
    "182": 0.5519297122955322,
    "183": 0.9933574199676514,
    "184": 0.11201241612434387,
    "185": -0.02634982205927372,
    "186": 0.9966195821762085,
    "187": 0.08101379871368408,
    "188": 0.013643541373312473,
    "189": -0.3551843464374542,
    "190": 0.9345985054969788,
    "191": 0.019227230921387672,
    "192": 0.8679084181785583,
    "193": 0.1604425013065338,
    "194": 0.47009915113449097,
    "195": 0.8198510408401489,
    "196": 0.17351193726062775,
    "197": 0.5456536412239075,
    "198": 0.8427789211273193,
    "199": 0.17502598464488983,
    "200": 0.5090084671974182,
    "201": 0.8572908639907837,
    "202": 0.1760125607252121,
    "203": 0.48380982875823975,
    "204": 0.8228447437286377,
    "205": 0.17056764662265778,
    "206": 0.5420637726783752,
    "207": 0.8077167272567749,
    "208": 0.1689233034849167,
    "209": 0.5648527145385742,
    "210": -0.27099624276161194,
    "211": -0.08237574249505997,
    "212": 0.9590491652488708,
    "213": 0.9565756916999817,
    "214": 0.167292982339859,
    "215": 0.23869653046131134,
    "216": 0.9205677509307861,
    "217": 0.1773688942193985,
    "218": 0.34798750281333923,
    "219": 0.8617340326309204,
    "220": 0.17482665181159973,
    "221": 0.476287841796875,
    "222": 0.901060938835144,
    "223": 0.17726318538188934,
    "224": 0.3958117663860321,
    "225": 0.9146386981010437,
    "226": 0.1769433170557022,
    "227": 0.3634929656982422,
    "228": 0.8738352060317993,
    "229": 0.17857229709625244,
    "230": 0.45224329829216003
}
